Workbook

Sheet Form Responses 1
A1: Timestamp | B1: Q1. In which role did you register to access the platform? | C1: Q2. Which industrial park or Special Economic Zone (SEZ) are you based at? / If you are new please skip | D1: Q3. What device did you use during the evaluation? | E1: Q4. How long have you been working at this park or SEZ / with IPDC? | F1: Q5. Company name | G1: Q6. Investment type | H1: Q7. Industry sector | I1: Q 8a. Which tasks did you complete during today's evaluation? | J1: Q 8a. Which tasks did you complete during today's evaluation? 2 | K1: Q 8a. Which tasks did you complete during today's evaluation? 3 | L1: Q8b. During the offline simulation (airplane mode), which actions did you attempt? | M1: Q9. I think that I would like to use this system frequently. | N1: Q10. I found the system unnecessarily complex. | O1: Q11. I thought the system was easy to use. | P1: Q12. I think that I would need the support of a technical person to use this system. | Q1: Q13. I found the various functions in this system were well integrated. | R1: Q14. I thought there was too much inconsistency in this system. | S1: Q15. I would imagine that most people would learn to use this system very quickly. | T1: Q16. I found the system very cumbersome to use. | U1: Q17. I felt very confident using the system. | V1: Q18. I needed to learn a lot of things before I could get going with this system. | W1: Q19. How confident were you that your data was saved when the network was unavailable? (Linear scale 1–5: 1 = Not confident at all → 5 = Fully confident) | X1: Q20. Did the platform clearly communicate when you were offline vs. online? | Y1: Q21. What did you find most useful about the platform? | Z1: Q22. What was the most frustrating or confusing part? | AA1: Q23. If you could change one thing about the platform, what would it be? | AB1: Q24. Any other comments or suggestions?
A2: 46090.504 | B2: IPDC Management Staff | C2: IPDC Headquarters | D2: Smartphone (Chrome browser) | E2: More than 3 years | I2: Reviewed and approved or rejected a tenant service request, Resolved a tenant complaint with resolution notes, Published a park-wide announcement, Viewed request analytics and summary dashboard | L2: Browsed the dashboard while offline, Reviewed or processed a request while offline (Management), Logged out, then logged back in while offline using previously cached credentials, Received a sync confirmation banner when the network was restored | M2: 5 | N2: 1 | O2: 5 | P2: 2 | Q2: 5 | R2: 2 | S2: 4 | T2: 2 | U2: 5 | V2: 2 | W2: 4 | X2: Yes, it was always clear | Y2: The offline Capability of the platform | Z2: It was not confusing at all | AA2: Adding Amharic language (multimodal) | AB2: Upgrade this platform to production stage
A3: 46097.058 | B3: Tenant Company Representative | C3: IPDC Headquarters | D3: Desktop Computer ( Opera browser) | E3: New or not settled in IPDC | F3: LF | G3: Foreign-invested enterprise | H3: Other: ________ | J3: Submitted a new service request | L3: Submitted a service request while offline (Tenant) | M3: 4 | N3: 2 | O3: 5 | P3: 2 | Q3: 4 | R3: 2 | S3: 4 | T3: 1 | U3: 4 | V3: 2 | W3: 4 | X3: Yes, it was always clear | Y3: to solve the problems easily and efficiently | Z3: Not frustrating part | AA3: It met the Prototype qualification
A4: 46099.231 | B4: IPDC Management Staff | C4: IPDC Headquarters | D4: Laptop (Chrome browser) | E4: More than 3 years | I4: Resolved a tenant complaint with resolution notes | L4: Completed / updated a task while offline (Operations) | M4: 5 | N4: 1 | O4: 4 | P4: 1 | Q4: 5 | R4: 1 | S4: 4 | T4: 2 | U4: 5 | V4: 1 | W4: 5 | X4: Yes, it was always clear | Y4: I simplify every activity. | Z4: It was reliable during online and online | AA4: I am ok with existing. | AB4: The platform is good....
A5: 46099.246 | B5: Operations / Facility Staff | C5: IPDC Headquarters | D5: Laptop (Chrome browser) | E5: More than 3 years | K5: Completed an assigned task and confirmed token deduction | L5: Submitted a service request while offline (Tenant) | M5: 4 | N5: 1 | O5: 5 | P5: 2 | Q5: 5 | R5: 2 | S5: 4 | T5: 1 | U5: 4 | V5: 2 | W5: 4 | X5: Yes, it was always clear | Y5: Simplicity | Z5: None | AA5: None | AB5: It is wonderfully done.
A6: 46099.255 | B6: IPDC Management Staff | C6: IPDC Headquarters | D6: Laptop (Chrome browser) | E6: More than 3 years | I6: Viewed request analytics and summary dashboard | L6: Received a sync confirmation banner when the network was restored | M6: 4 | N6: 1 | O6: 4 | P6: 1 | Q6: 4 | R6: 1 | S6: 5 | T6: 2 | U6: 4 | V6: 2 | W6: 4 | X6: Yes, it was always clear | Y6: it is very crucial | Z6: None | AA6: nothing for now | AB6: The platform should be reliable for sustainable usage
A7: 46099.256 | B7: Operations / Facility Staff | C7: IPDC Headquarters | D7: Laptop (Chrome browser) | E7: 1–3 years | K7: Viewed the Approved Requests queue and accepted a task, Completed an assigned task and confirmed token deduction, Reviewed completed task history | L7: Completed / updated a task while offline (Operations) | M7: 4 | N7: 2 | O7: 5 | P7: 2 | Q7: 4 | R7: 1 | S7: 4 | T7: 1 | U7: 4 | V7: 2 | W7: 4 | X7: Yes, it was always clear | Y7: It's easy to use and user friendly | Z7: I haven't found anything frustrating | AA7: It's ok for a prototype, can be expanded for production | AB7: Good Job Keep It up !
A8: 46099.258 | B8: Operations / Facility Staff | C8: IPDC Headquarters | D8: Laptop (Chrome browser) | E8: More than 3 years | K8: Viewed the Approved Requests queue and accepted a task | L8: Browsed the dashboard while offline, Completed / updated a task while offline (Operations), Reviewed or processed a request while offline (Management), Logged out, then logged back in while offline using previously cached credentials, Received a sync confirmation banner when the network was restored | M8: 4 | N8: 1 | O8: 5 | P8: 1 | Q8: 5 | R8: 2 | S8: 5 | T8: 2 | U8: 5 | V8: 2 | W8: 5 | X8: Yes, it was always clear | Y8: the platform saves time, energy and manpower to accelerate the facility and solve the requests | Z8: no any | AA8: primarily enough to get into the access | AB8: for the future it should be open to upgrade when any updates and data to add
A9: 46099.267 | B9: Operations / Facility Staff | C9: IPDC Headquarters | D9: Desktop Computer (Chrome browser) | E9: More than 3 years | K9: Viewed the Approved Requests queue and accepted a task, Completed an assigned task and confirmed token deduction, Reviewed completed task history | L9: Completed / updated a task while offline (Operations), Reviewed or processed a request while offline (Management) | M9: 5 | N9: 1 | O9: 5 | P9: 1 | Q9: 5 | R9: 2 | S9: 5 | T9: 2 | U9: 5 | V9: 2 | W9: 4 | X9: Yes, it was always clear | Y9: it is nice | Z9: nothing | AA9: Good enough for Prototype | AB9: just nice and impressing job,
A10: 46099.279 | B10: Tenant Company Representative | C10: Kilinto Special Economic Zone | D10: Smartphone (Opera browser) | E10: Less than 1 year | F10: Droga Farm | G10: Local (Ethiopian) enterprise | H10: Pharmaceuticals | J10: Submitted a new service request, Checked token balance and transaction history, Filed a complaint on a completed service, Received and read an in-app bell notification | L10: Browsed the dashboard while offline, Submitted a service request while offline (Tenant), Completed / updated a task while offline (Operations), Reviewed or processed a request while offline (Management), Logged out, then logged back in while offline using previously cached credentials, Received a sync confirmation banner when the network was restored | M10: 4 | N10: 2 | O10: 5 | P10: 2 | Q10: 5 | R10: 2 | S10: 5 | T10: 2 | U10: 5 | V10: 2 | W10: 4 | X10: Yes, it was always clear | Y10: it leads IPDC and Tenants to make a clear and simple communication page, simplify the process, allocate the resources, create a good management, facilitate the requests by saving time, energy and cost | Z10: no for the time being | AA10: The home page cover can be more customized
A11: 46099.306 | B11: Operations / Facility Staff | C11: IPDC Headquarters | D11: Laptop (Chrome browser) | E11: More than 3 years | K11: Completed an assigned task and confirmed token deduction | L11: Submitted a service request while offline (Tenant) | M11: 5 | N11: 2 | O11: 5 | P11: 2 | Q11: 4 | R11: 1 | S11: 4 | T11: 1 | U11: 5 | V11: 2 | W11: 4 | X11: Sometimes clear, sometimes not | Y11: for tenant and ipdc it is relevant | Z11: nothing | AA11: nothing for now | AB11: Upgrade this platform to production stage
A12: 46099.307 | B12: Operations / Facility Staff | C12: IPDC Headquarters | D12: Laptop (Chrome browser) | E12: More than 3 years | K12: Completed an assigned task and confirmed token deduction | L12: Completed / updated a task while offline (Operations) | M12: 4 | N12: 1 | O12: 5 | P12: 1 | Q12: 4 | R12: 2 | S12: 4 | T12: 2 | U12: 4 | V12: 1 | W12: 4 | X12: Yes, it was always clear | Y12: Important points are incorporated in the platform. | Z12: There is no frustrating part. | AA12: I am ok with existing.
A13: 46103.979 | B13: Tenant Company Representative | C13: Kilinto Special Economic Zone | D13: Smartphone (Chrome browser) | E13: 1–3 years | F13: Glocare/TKBD Plc | G13: Foreign-invested enterprise | H13: Pharmaceuticals | J13: Submitted a new service request, Filed a complaint on a completed service | L13: Browsed the dashboard while offline, Submitted a service request while offline (Tenant), Logged out, then logged back in while offline using previously cached credentials, Received a sync confirmation banner when the network was restored | M13: 4 | N13: 1 | O13: 5 | P13: 2 | Q13: 5 | R13: 2 | S13: 4 | T13: 1 | U13: 4 | V13: 2 | W13: 4 | X13: Yes, it was always clear | Y13: The offline access | Z13: It was not confusing | AA13: May be if it is in the production stage will be more valuable | AB13: It's enough for a prototype

Sheet Instructions
A1: IPDC-OSS Platform — System Usability Scale (SUS) Evaluation Workbook
A2: Usability Evaluation — 10 February 2026 | 9 Participants | Chapter 5
A4: PURPOSE
A5: This workbook is the official data collection and calculation instrument for the SUS usability evaluation of the IPDC Digital One-Stop-Service (OSS) platform prototype. It accompanies the thesis: 'Design and Development of a Digital One-Stop-Service Platform for Industrial Parks in Ethiopia'.
A7: WORKBOOK STRUCTURE
B8: Instructions | C8: This sheet — purpose, SUS formula, scoring guide, role-differentiated task scenarios
B9: Participant Profiles | C9: P1–P9 roles, parks, devices, and tenant company profile (investment type, sector)
B10: SUS Raw Responses | C10: Raw 1–5 ratings for all 10 SUS items from each participant — FILL THIS IN
B11: SUS Score Calculation | C11: Auto-calculated converted scores and final SUS score per participant
B12: Summary & Results | C12: Final scores, mean, interpretation, grade, and bar chart
B13: Offline Experience | C13: Supplementary Q8b/Q19/Q20 responses — offline tasks attempted, confidence score, clarity
A15: SUS SCORING FORMULA
B16: Odd items — Positive (Q1,Q3,Q5,Q7,Q9): | C16: Converted score = Raw response − 1
B17: Even items — Negative (Q2,Q4,Q6,Q8,Q10): | C17: Converted score = 5 − Raw response
B18: SUS Score: | C18: Sum of all 10 converted scores × 2.5
B19: Scale: | C19: 0 (worst) → 100 (best)
A21: SUS SCORE INTERPRETATION (Bangor et al. / Sauro)
B22: > 85.5 | C22: A | D22: Excellent
B23: 72.6 – 85.5 | C23: B | D23: Good
B24: 52.0 – 72.5 | C24: C | D24: OK
B25: 51.7 – 51.9 | C25: D | D25: Poor
B26: < 51.6 | C26: F | D26: Awful
A28: TASK SCENARIOS ADMINISTERED TO PARTICIPANTS
B29: Task M1 | C29: [Management] Review and process a service request | D29: Log in as Admin, open a pending service request, review the details, and approve or reject it with a stated reason.
B30: Task M2 | C30: [Management] Resolve a tenant complaint | D30: Navigate to Complaint Management, open a pending complaint, select a resolution action, add resolution notes, and confirm.
B31: Task M3 | C31: [Management] Publish a park-wide announcement | D31: Create a new announcement with a title, body text, and priority level, then publish it to all park users.
B32: Task M4 | C32: [Management] View request analytics dashboard | D32: Navigate to the admin dashboard and review the summary statistics, request counts by status, and charts.
B33: Task T1 | C33: [Tenant] Submit a new service request | D33: Log in as Tenant, select a service category, fill in the request details and priority, attach a document if available, and submit.
B34: Task T2 | C34: [Tenant] Check token balance and transaction history | D34: Locate the token section on the dashboard and review the current balance and the list of past transactions.
B35: Task T3 | C35: [Tenant] File a complaint on a completed service | D35: Navigate to My Complaints, select a completed request, choose a complaint category and severity, describe the issue, and submit.
B36: Task T4 | C36: [Tenant] Read an in-app bell notification | D36: Click the notification bell icon, open an unread notification, and confirm the message content.
B37: Task O1 | C37: [Operations] Accept a task from the approved queue | D37: Log in as Operations Staff, open the Approved Requests tab, select a request, and mark it as In Progress.
B38: Task O2 | C38: [Operations] Complete a task and confirm token deduction | D38: Mark an in-progress task as completed, confirm the token amount to deduct from the tenant, and submit.
B39: Task O3 | C39: [Operations] Review completed task history | D39: Navigate to the Completed tab and review the list of previously fulfilled tasks.
B40: Task O4 | C40: [Operations] Read a park announcement | D40: Open the Announcements tab in the Operations dashboard and read the latest park-wide notice.
... B44: Task X4 | C44: [All Roles] Sync confirmation on reconnection | D44: Facilitator restores network. Participant confirms the sync banner appears and queued items are uploaded.
A46: ⚠ IMPORTANT: Enter REAL participant responses in the 'SUS Raw Responses' sheet. All SUS scores in the thesis must reflect actual collected data. Scores in 'SUS Score Calculation' and 'Summary & Results' update automatically.

Sheet Participant Profiles
A1: Usability Evaluation — Participant Profiles (9–18 March 2026 | 12 Participants | Chapter 5)
A2: # | B2: ID | C2: Role | D2: Industrial Park / SEZ | E2: Device Used | F2: Date | G2: Investment Type * | H2: Industry Sector *
A3: 1 | B3: P1 | C3: IPDC Management Staff | D3: Headquarters | E3: Smartphone (Chrome) | F3: 09 Mar 2026 | G3: — | H3: —
A4: 2 | B4: P2 | C4: Tenant Representative | D4: Headquarters | E4: Desktop Computer ( Opera) | F4: 16 Mar 2026 | G4: Foreign-invested | H4: Other
A5: 3 | B5: P3 | C5: IPDC Management Staff | D5: Headquarters | E5: Laptop (Chrome) | F5: 18 Mar 2026 | G5: — | H5: —
A6: 4 | B6: P4 | C6: Operations Staff | D6: Headquarters | E6: Laptop (Chrome) | F6: 18 Mar 2026 | G6: — | H6: —
A7: 5 | B7: P5 | C7: IPDC Management Staff | D7: Headquarters | E7: Laptop (Chrome) | F7: 18 Mar 2026 | G7: — | H7: —
A8: 6 | B8: P6 | C8: Operations Staff | D8: Headquarters | E8: Laptop (Chrome) | F8: 18 Mar 2026 | G8: — | H8: —
A9: 7 | B9: P7 | C9: Operations Staff | D9: Headquarters | E9: Laptop (Chrome) | F9: 18 Mar 2026 | G9: — | H9: —
A10: 8 | B10: P8 | C10: Operations Staff | D10: Headquarters | E10: Desktop Computer (Chrome) | F10: 18 Mar 2026 | G10: — | H10: —
A11: 9 | B11: P9 | C11: Tenant Representative | D11: Kilinto SEZ | E11: Smartphone (Opera) | F11: 18 Mar 2026 | G11: Local (Ethiopian) | H11: Pharmaceuticals
A12: 10 | B12: P10 | C12: Operations Staff | D12: Headquarters | E12: Laptop (Chrome) | F12: 18 Mar 2026 | G12: — | H12: —
A13: 11 | B13: P11 | C13: Operations Staff | D13: Headquarters | E13: Laptop (Chrome) | F13: 18 Mar 2026 | G13: — | H13: —
A14: 12 | B14: P12 | C14: Tenant Representative | D14: Kilinto SEZ | E14: Smartphone (Chrome) | F14: 18 Mar 2026 | G14: Foreign-invested | H14: Pharmaceuticals
A15: Note: Participant IDs (P1–P12) are pseudonymised. * Investment Type and Sector apply to Tenant Representatives only. Signed consent forms are held by the researcher and available on request.

Sheet SUS Raw Responses
A1: SUS Raw Responses — Enter each participant's 1–5 rating for every question
A2: # | B2: ID | C2: Role | D2: Q1 | E2: Q2 | F2: Q3 | G2: Q4 | H2: Q5 | I2: Q6 | J2: Q7 | K2: Q8 | L2: Q9 | M2: Q10
D3: I think that I would like to use this system frequently. | E3: I found the system unnecessarily complex. | F3: I thought the system was easy to use. | G3: I think that I would need the support of a technical person … | H3: I found the various functions in this system were well integ… | I3: I thought there was too much inconsistency in this system. | J3: I would imagine that most people would learn to use this sys… | K3: I found the system very cumbersome to use. | L3: I felt very confident using the system. | M3: I needed to learn a lot of things before I could get going w…
A4: Scale: 1 = Strongly Disagree 2 = Disagree 3 = Neutral 4 = Agree 5 = Strongly Agree | D4: Blue=Positive Orange=Negative
A5: 1 | B5: P1 | C5: IPDC Management Staff | D5: 5 | E5: 1 | F5: 5 | G5: 2 | H5: 5 | I5: 2 | J5: 4 | K5: 2 | L5: 5 | M5: 2
A6: 2 | B6: P2 | C6: Tenant Representative | D6: 4 | E6: 2 | F6: 5 | G6: 2 | H6: 4 | I6: 2 | J6: 4 | K6: 1 | L6: 4 | M6: 2
A7: 3 | B7: P3 | C7: IPDC Management Staff | D7: 5 | E7: 1 | F7: 4 | G7: 1 | H7: 5 | I7: 1 | J7: 4 | K7: 2 | L7: 5 | M7: 1
A8: 4 | B8: P4 | C8: Operations Staff | D8: 4 | E8: 1 | F8: 5 | G8: 2 | H8: 5 | I8: 2 | J8: 4 | K8: 1 | L8: 4 | M8: 2
A9: 5 | B9: P5 | C9: IPDC Management Staff | D9: 4 | E9: 1 | F9: 4 | G9: 1 | H9: 4 | I9: 1 | J9: 5 | K9: 2 | L9: 4 | M9: 2
A10: 6 | B10: P6 | C10: Operations Staff | D10: 4 | E10: 2 | F10: 5 | G10: 2 | H10: 4 | I10: 1 | J10: 4 | K10: 1 | L10: 4 | M10: 2
A11: 7 | B11: P7 | C11: Operations Staff | D11: 4 | E11: 1 | F11: 5 | G11: 1 | H11: 5 | I11: 2 | J11: 5 | K11: 2 | L11: 5 | M11: 2
A12: 8 | B12: P8 | C12: Operations Staff | D12: 5 | E12: 1 | F12: 5 | G12: 1 | H12: 5 | I12: 2 | J12: 5 | K12: 2 | L12: 5 | M12: 2
A13: 9 | B13: P9 | C13: Tenant Representative | D13: 4 | E13: 2 | F13: 5 | G13: 2 | H13: 5 | I13: 2 | J13: 5 | K13: 2 | L13: 5 | M13: 2
A14: 10 | B14: P10 | C14: Operations Staff | D14: 5 | E14: 2 | F14: 5 | G14: 2 | H14: 4 | I14: 1 | J14: 4 | K14: 1 | L14: 5 | M14: 2
A15: 11 | B15: P11 | C15: Operations Staff | D15: 4 | E15: 1 | F15: 5 | G15: 1 | H15: 4 | I15: 2 | J15: 4 | K15: 2 | L15: 4 | M15: 1
A16: 12 | B16: P12 | C16: Tenant Representative | D16: 4 | E16: 1 | F16: 5 | G16: 2 | H16: 5 | I16: 2 | J16: 4 | K16: 1 | L16: 4 | M16: 2
A17: ⚠ Fill in each cell with the participant's actual response (integer 1–5). Scores in 'SUS Score Calculation' update automatically.

Sheet SUS Score Calculation
A1: SUS Score Calculation — Converted Scores and Final SUS Score (Auto-calculated)
A2: # | B2: ID | C2: Role | D2: Q1 Conv. | E2: Q2 Conv. | F2: Q3 Conv. | G2: Q4 Conv. | H2: Q5 Conv. | I2: Q6 Conv. | J2: Q7 Conv. | K2: Q8 Conv. | L2: Q9 Conv. | M2: Q10 Conv. | N2: Raw Sum | O2: SUS Score
D3: R−1 | E3: 5−R | F3: R−1 | G3: 5−R | H3: R−1 | I3: 5−R | J3: R−1 | K3: 5−R | L3: R−1 | M3: 5−R | N3: (max 40) | O3: Sum × 2.5
A4: 1 | B4: P1 | C4: IPDC Management Staff | D4: =IF('SUS Raw Responses'!D5="","",'SUS Raw Responses'!D5-1) | E4: =IF('SUS Raw Responses'!E5="","",5-'SUS Raw Responses'!E5) | F4: =IF('SUS Raw Responses'!F5="","",'SUS Raw Responses'!F5-1) | G4: =IF('SUS Raw Responses'!G5="","",5-'SUS Raw Responses'!G5) | H4: =IF('SUS Raw Responses'!H5="","",'SUS Raw Responses'!H5-1) | I4: =IF('SUS Raw Responses'!I5="","",5-'SUS Raw Responses'!I5) | J4: =IF('SUS Raw Responses'!J5="","",'SUS Raw Responses'!J5-1) | K4: =IF('SUS Raw Responses'!K5="","",5-'SUS Raw Responses'!K5) | L4: =IF('SUS Raw Responses'!L5="","",'SUS Raw Responses'!L5-1) | M4: =IF('SUS Raw Responses'!M5="","",5-'SUS Raw Responses'!M5) | N4: =IF(COUNTA(D4,E4,F4,G4,H4,I4,J4,K4,L4,M4)=10,SUM(D4,E4,F4,G4,H4,I4,J4,K4,L4,M4),"") | O4: =IF(N4="","",N4*2.5)
A5: 2 | B5: P2 | C5: Tenant Representative | D5: =IF('SUS Raw Responses'!D6="","",'SUS Raw Responses'!D6-1) | E5: =IF('SUS Raw Responses'!E6="","",5-'SUS Raw Responses'!E6) | F5: =IF('SUS Raw Responses'!F6="","",'SUS Raw Responses'!F6-1) | G5: =IF('SUS Raw Responses'!G6="","",5-'SUS Raw Responses'!G6) | H5: =IF('SUS Raw Responses'!H6="","",'SUS Raw Responses'!H6-1) | I5: =IF('SUS Raw Responses'!I6="","",5-'SUS Raw Responses'!I6) | J5: =IF('SUS Raw Responses'!J6="","",'SUS Raw Responses'!J6-1) | K5: =IF('SUS Raw Responses'!K6="","",5-'SUS Raw Responses'!K6) | L5: =IF('SUS Raw Responses'!L6="","",'SUS Raw Responses'!L6-1) | M5: =IF('SUS Raw Responses'!M6="","",5-'SUS Raw Responses'!M6) | N5: =IF(COUNTA(D5,E5,F5,G5,H5,I5,J5,K5,L5,M5)=10,SUM(D5,E5,F5,G5,H5,I5,J5,K5,L5,M5),"") | O5: =IF(N5="","",N5*2.5)
A6: 3 | B6: P3 | C6: IPDC Management Staff | D6: =IF('SUS Raw Responses'!D7="","",'SUS Raw Responses'!D7-1) | E6: =IF('SUS Raw Responses'!E7="","",5-'SUS Raw Responses'!E7) | F6: =IF('SUS Raw Responses'!F7="","",'SUS Raw Responses'!F7-1) | G6: =IF('SUS Raw Responses'!G7="","",5-'SUS Raw Responses'!G7) | H6: =IF('SUS Raw Responses'!H7="","",'SUS Raw Responses'!H7-1) | I6: =IF('SUS Raw Responses'!I7="","",5-'SUS Raw Responses'!I7) | J6: =IF('SUS Raw Responses'!J7="","",'SUS Raw Responses'!J7-1) | K6: =IF('SUS Raw Responses'!K7="","",5-'SUS Raw Responses'!K7) | L6: =IF('SUS Raw Responses'!L7="","",'SUS Raw Responses'!L7-1) | M6: =IF('SUS Raw Responses'!M7="","",5-'SUS Raw Responses'!M7) | N6: =IF(COUNTA(D6,E6,F6,G6,H6,I6,J6,K6,L6,M6)=10,SUM(D6,E6,F6,G6,H6,I6,J6,K6,L6,M6),"") | O6: =IF(N6="","",N6*2.5)
A7: 4 | B7: P4 | C7: Operations Staff | D7: =IF('SUS Raw Responses'!D8="","",'SUS Raw Responses'!D8-1) | E7: =IF('SUS Raw Responses'!E8="","",5-'SUS Raw Responses'!E8) | F7: =IF('SUS Raw Responses'!F8="","",'SUS Raw Responses'!F8-1) | G7: =IF('SUS Raw Responses'!G8="","",5-'SUS Raw Responses'!G8) | H7: =IF('SUS Raw Responses'!H8="","",'SUS Raw Responses'!H8-1) | I7: =IF('SUS Raw Responses'!I8="","",5-'SUS Raw Responses'!I8) | J7: =IF('SUS Raw Responses'!J8="","",'SUS Raw Responses'!J8-1) | K7: =IF('SUS Raw Responses'!K8="","",5-'SUS Raw Responses'!K8) | L7: =IF('SUS Raw Responses'!L8="","",'SUS Raw Responses'!L8-1) | M7: =IF('SUS Raw Responses'!M8="","",5-'SUS Raw Responses'!M8) | N7: =IF(COUNTA(D7,E7,F7,G7,H7,I7,J7,K7,L7,M7)=10,SUM(D7,E7,F7,G7,H7,I7,J7,K7,L7,M7),"") | O7: =IF(N7="","",N7*2.5)
A8: 5 | B8: P5 | C8: IPDC Management Staff | D8: =IF('SUS Raw Responses'!D9="","",'SUS Raw Responses'!D9-1) | E8: =IF('SUS Raw Responses'!E9="","",5-'SUS Raw Responses'!E9) | F8: =IF('SUS Raw Responses'!F9="","",'SUS Raw Responses'!F9-1) | G8: =IF('SUS Raw Responses'!G9="","",5-'SUS Raw Responses'!G9) | H8: =IF('SUS Raw Responses'!H9="","",'SUS Raw Responses'!H9-1) | I8: =IF('SUS Raw Responses'!I9="","",5-'SUS Raw Responses'!I9) | J8: =IF('SUS Raw Responses'!J9="","",'SUS Raw Responses'!J9-1) | K8: =IF('SUS Raw Responses'!K9="","",5-'SUS Raw Responses'!K9) | L8: =IF('SUS Raw Responses'!L9="","",'SUS Raw Responses'!L9-1) | M8: =IF('SUS Raw Responses'!M9="","",5-'SUS Raw Responses'!M9) | N8: =IF(COUNTA(D8,E8,F8,G8,H8,I8,J8,K8,L8,M8)=10,SUM(D8,E8,F8,G8,H8,I8,J8,K8,L8,M8),"") | O8: =IF(N8="","",N8*2.5)
A9: 6 | B9: P6 | C9: Operations Staff | D9: =IF('SUS Raw Responses'!D10="","",'SUS Raw Responses'!D10-1) | E9: =IF('SUS Raw Responses'!E10="","",5-'SUS Raw Responses'!E10) | F9: =IF('SUS Raw Responses'!F10="","",'SUS Raw Responses'!F10-1) | G9: =IF('SUS Raw Responses'!G10="","",5-'SUS Raw Responses'!G10) | H9: =IF('SUS Raw Responses'!H10="","",'SUS Raw Responses'!H10-1) | I9: =IF('SUS Raw Responses'!I10="","",5-'SUS Raw Responses'!I10) | J9: =IF('SUS Raw Responses'!J10="","",'SUS Raw Responses'!J10-1) | K9: =IF('SUS Raw Responses'!K10="","",5-'SUS Raw Responses'!K10) | L9: =IF('SUS Raw Responses'!L10="","",'SUS Raw Responses'!L10-1) | M9: =IF('SUS Raw Responses'!M10="","",5-'SUS Raw Responses'!M10) | N9: =IF(COUNTA(D9,E9,F9,G9,H9,I9,J9,K9,L9,M9)=10,SUM(D9,E9,F9,G9,H9,I9,J9,K9,L9,M9),"") | O9: =IF(N9="","",N9*2.5)
A10: 7 | B10: P7 | C10: Operations Staff | D10: =IF('SUS Raw Responses'!D11="","",'SUS Raw Responses'!D11-1) | E10: =IF('SUS Raw Responses'!E11="","",5-'SUS Raw Responses'!E11) | F10: =IF('SUS Raw Responses'!F11="","",'SUS Raw Responses'!F11-1) | G10: =IF('SUS Raw Responses'!G11="","",5-'SUS Raw Responses'!G11) | H10: =IF('SUS Raw Responses'!H11="","",'SUS Raw Responses'!H11-1) | I10: =IF('SUS Raw Responses'!I11="","",5-'SUS Raw Responses'!I11) | J10: =IF('SUS Raw Responses'!J11="","",'SUS Raw Responses'!J11-1) | K10: =IF('SUS Raw Responses'!K11="","",5-'SUS Raw Responses'!K11) | L10: =IF('SUS Raw Responses'!L11="","",'SUS Raw Responses'!L11-1) | M10: =IF('SUS Raw Responses'!M11="","",5-'SUS Raw Responses'!M11) | N10: =IF(COUNTA(D10,E10,F10,G10,H10,I10,J10,K10,L10,M10)=10,SUM(D10,E10,F10,G10,H10,I10,J10,K10,L10,M10),"") | O10: =IF(N10="","",N10*2.5)
A11: 8 | B11: P8 | C11: Operations Staff | D11: =IF('SUS Raw Responses'!D12="","",'SUS Raw Responses'!D12-1) | E11: =IF('SUS Raw Responses'!E12="","",5-'SUS Raw Responses'!E12) | F11: =IF('SUS Raw Responses'!F12="","",'SUS Raw Responses'!F12-1) | G11: =IF('SUS Raw Responses'!G12="","",5-'SUS Raw Responses'!G12) | H11: =IF('SUS Raw Responses'!H12="","",'SUS Raw Responses'!H12-1) | I11: =IF('SUS Raw Responses'!I12="","",5-'SUS Raw Responses'!I12) | J11: =IF('SUS Raw Responses'!J12="","",'SUS Raw Responses'!J12-1) | K11: =IF('SUS Raw Responses'!K12="","",5-'SUS Raw Responses'!K12) | L11: =IF('SUS Raw Responses'!L12="","",'SUS Raw Responses'!L12-1) | M11: =IF('SUS Raw Responses'!M12="","",5-'SUS Raw Responses'!M12) | N11: =IF(COUNTA(D11,E11,F11,G11,H11,I11,J11,K11,L11,M11)=10,SUM(D11,E11,F11,G11,H11,I11,J11,K11,L11,M11),"") | O11: =IF(N11="","",N11*2.5)
A12: 9 | B12: P9 | C12: Tenant Representative | D12: =IF('SUS Raw Responses'!D13="","",'SUS Raw Responses'!D13-1) | E12: =IF('SUS Raw Responses'!E13="","",5-'SUS Raw Responses'!E13) | F12: =IF('SUS Raw Responses'!F13="","",'SUS Raw Responses'!F13-1) | G12: =IF('SUS Raw Responses'!G13="","",5-'SUS Raw Responses'!G13) | H12: =IF('SUS Raw Responses'!H13="","",'SUS Raw Responses'!H13-1) | I12: =IF('SUS Raw Responses'!I13="","",5-'SUS Raw Responses'!I13) | J12: =IF('SUS Raw Responses'!J13="","",'SUS Raw Responses'!J13-1) | K12: =IF('SUS Raw Responses'!K13="","",5-'SUS Raw Responses'!K13) | L12: =IF('SUS Raw Responses'!L13="","",'SUS Raw Responses'!L13-1) | M12: =IF('SUS Raw Responses'!M13="","",5-'SUS Raw Responses'!M13) | N12: =IF(COUNTA(D12,E12,F12,G12,H12,I12,J12,K12,L12,M12)=10,SUM(D12,E12,F12,G12,H12,I12,J12,K12,L12,M12),"") | O12: =IF(N12="","",N12*2.5)
A13: 10 | B13: P10 | C13: Operations Staff | D13: =IF('SUS Raw Responses'!D14="","",'SUS Raw Responses'!D14-1) | E13: =IF('SUS Raw Responses'!E14="","",5-'SUS Raw Responses'!E14) | F13: =IF('SUS Raw Responses'!F14="","",'SUS Raw Responses'!F14-1) | G13: =IF('SUS Raw Responses'!G14="","",5-'SUS Raw Responses'!G14) | H13: =IF('SUS Raw Responses'!H14="","",'SUS Raw Responses'!H14-1) | I13: =IF('SUS Raw Responses'!I14="","",5-'SUS Raw Responses'!I14) | J13: =IF('SUS Raw Responses'!J14="","",'SUS Raw Responses'!J14-1) | K13: =IF('SUS Raw Responses'!K14="","",5-'SUS Raw Responses'!K14) | L13: =IF('SUS Raw Responses'!L14="","",'SUS Raw Responses'!L14-1) | M13: =IF('SUS Raw Responses'!M14="","",5-'SUS Raw Responses'!M14) | N13: =IF(COUNTA(D13,E13,F13,G13,H13,I13,J13,K13,L13,M13)=10,SUM(D13,E13,F13,G13,H13,I13,J13,K13,L13,M13),"") | O13: =IF(N13="","",N13*2.5)
A14: 11 | B14: P11 | C14: Operations Staff | D14: =IF('SUS Raw Responses'!D15="","",'SUS Raw Responses'!D15-1) | E14: =IF('SUS Raw Responses'!E15="","",5-'SUS Raw Responses'!E15) | F14: =IF('SUS Raw Responses'!F15="","",'SUS Raw Responses'!F15-1) | G14: =IF('SUS Raw Responses'!G15="","",5-'SUS Raw Responses'!G15) | H14: =IF('SUS Raw Responses'!H15="","",'SUS Raw Responses'!H15-1) | I14: =IF('SUS Raw Responses'!I15="","",5-'SUS Raw Responses'!I15) | J14: =IF('SUS Raw Responses'!J15="","",'SUS Raw Responses'!J15-1) | K14: =IF('SUS Raw Responses'!K15="","",5-'SUS Raw Responses'!K15) | L14: =IF('SUS Raw Responses'!L15="","",'SUS Raw Responses'!L15-1) | M14: =IF('SUS Raw Responses'!M15="","",5-'SUS Raw Responses'!M15) | N14: =IF(COUNTA(D14,E14,F14,G14,H14,I14,J14,K14,L14,M14)=10,SUM(D14,E14,F14,G14,H14,I14,J14,K14,L14,M14),"") | O14: =IF(N14="","",N14*2.5)
A15: 12 | B15: P12 | C15: Tenant Representative | D15: =IF('SUS Raw Responses'!D16="","",'SUS Raw Responses'!D16-1) | E15: =IF('SUS Raw Responses'!E16="","",5-'SUS Raw Responses'!E16) | F15: =IF('SUS Raw Responses'!F16="","",'SUS Raw Responses'!F16-1) | G15: =IF('SUS Raw Responses'!G16="","",5-'SUS Raw Responses'!G16) | H15: =IF('SUS Raw Responses'!H16="","",'SUS Raw Responses'!H16-1) | I15: =IF('SUS Raw Responses'!I16="","",5-'SUS Raw Responses'!I16) | J15: =IF('SUS Raw Responses'!J16="","",'SUS Raw Responses'!J16-1) | K15: =IF('SUS Raw Responses'!K16="","",5-'SUS Raw Responses'!K16) | L15: =IF('SUS Raw Responses'!L16="","",'SUS Raw Responses'!L16-1) | M15: =IF('SUS Raw Responses'!M16="","",5-'SUS Raw Responses'!M16) | N15: =IF(COUNTA(D15,E15,F15,G15,H15,I15,J15,K15,L15,M15)=10,SUM(D15,E15,F15,G15,H15,I15,J15,K15,L15,M15),"") | O15: =IF(N15="","",N15*2.5)
A16: MEAN SUS SCORE | O16: =IF(COUNTA(O4:O15)=12,AVERAGE(O4:O15),"")

Sheet Summary & Results
A1: SUS Evaluation — Summary of Results | IPDC-OSS Platform
A2: # | B2: ID | C2: Role | D2: Device | E2: SUS Score | F2: Grade | G2: Interpretation
A3: 1 | B3: P1 | C3: IPDC Management Staff | D3: Smartphone (Chrome) | E3: ='SUS Score Calculation'!O4 | F3: =IF(E3="","",IF(E3>85.5,"A",IF(E3>=72.6,"B",IF(E3>=52,"C",IF(E3>=51.7,"D","F"))))) | G3: =IF(E3="","",IF(E3>85.5,"Excellent",IF(E3>=72.6,"Good",IF(E3>=52,"OK",IF(E3>=51.7,"Poor","Awful")))))
A4: 2 | B4: P2 | C4: Tenant Representative | D4: Desktop Computer ( Opera) | E4: ='SUS Score Calculation'!O5 | F4: =IF(E4="","",IF(E4>85.5,"A",IF(E4>=72.6,"B",IF(E4>=52,"C",IF(E4>=51.7,"D","F"))))) | G4: =IF(E4="","",IF(E4>85.5,"Excellent",IF(E4>=72.6,"Good",IF(E4>=52,"OK",IF(E4>=51.7,"Poor","Awful")))))
A5: 3 | B5: P3 | C5: IPDC Management Staff | D5: Laptop (Chrome) | E5: ='SUS Score Calculation'!O6 | F5: =IF(E5="","",IF(E5>85.5,"A",IF(E5>=72.6,"B",IF(E5>=52,"C",IF(E5>=51.7,"D","F"))))) | G5: =IF(E5="","",IF(E5>85.5,"Excellent",IF(E5>=72.6,"Good",IF(E5>=52,"OK",IF(E5>=51.7,"Poor","Awful")))))
A6: 4 | B6: P4 | C6: Operations Staff | D6: Laptop (Chrome) | E6: ='SUS Score Calculation'!O7 | F6: =IF(E6="","",IF(E6>85.5,"A",IF(E6>=72.6,"B",IF(E6>=52,"C",IF(E6>=51.7,"D","F"))))) | G6: =IF(E6="","",IF(E6>85.5,"Excellent",IF(E6>=72.6,"Good",IF(E6>=52,"OK",IF(E6>=51.7,"Poor","Awful")))))
A7: 5 | B7: P5 | C7: IPDC Management Staff | D7: Laptop (Chrome) | E7: ='SUS Score Calculation'!O8 | F7: =IF(E7="","",IF(E7>85.5,"A",IF(E7>=72.6,"B",IF(E7>=52,"C",IF(E7>=51.7,"D","F"))))) | G7: =IF(E7="","",IF(E7>85.5,"Excellent",IF(E7>=72.6,"Good",IF(E7>=52,"OK",IF(E7>=51.7,"Poor","Awful")))))
A8: 6 | B8: P6 | C8: Operations Staff | D8: Laptop (Chrome) | E8: ='SUS Score Calculation'!O9 | F8: =IF(E8="","",IF(E8>85.5,"A",IF(E8>=72.6,"B",IF(E8>=52,"C",IF(E8>=51.7,"D","F"))))) | G8: =IF(E8="","",IF(E8>85.5,"Excellent",IF(E8>=72.6,"Good",IF(E8>=52,"OK",IF(E8>=51.7,"Poor","Awful")))))
A9: 7 | B9: P7 | C9: Operations Staff | D9: Laptop (Chrome) | E9: ='SUS Score Calculation'!O10 | F9: =IF(E9="","",IF(E9>85.5,"A",IF(E9>=72.6,"B",IF(E9>=52,"C",IF(E9>=51.7,"D","F"))))) | G9: =IF(E9="","",IF(E9>85.5,"Excellent",IF(E9>=72.6,"Good",IF(E9>=52,"OK",IF(E9>=51.7,"Poor","Awful")))))
A10: 8 | B10: P8 | C10: Operations Staff | D10: Desktop Computer (Chrome) | E10: ='SUS Score Calculation'!O11 | F10: =IF(E10="","",IF(E10>85.5,"A",IF(E10>=72.6,"B",IF(E10>=52,"C",IF(E10>=51.7,"D","F"))))) | G10: =IF(E10="","",IF(E10>85.5,"Excellent",IF(E10>=72.6,"Good",IF(E10>=52,"OK",IF(E10>=51.7,"Poor","Awful")))))
A11: 9 | B11: P9 | C11: Tenant Representative | D11: Smartphone (Opera) | E11: ='SUS Score Calculation'!O12 | F11: =IF(E11="","",IF(E11>85.5,"A",IF(E11>=72.6,"B",IF(E11>=52,"C",IF(E11>=51.7,"D","F"))))) | G11: =IF(E11="","",IF(E11>85.5,"Excellent",IF(E11>=72.6,"Good",IF(E11>=52,"OK",IF(E11>=51.7,"Poor","Awful")))))
A12: 10 | B12: P10 | C12: Operations Staff | D12: Laptop (Chrome) | E12: ='SUS Score Calculation'!O13 | F12: =IF(E12="","",IF(E12>85.5,"A",IF(E12>=72.6,"B",IF(E12>=52,"C",IF(E12>=51.7,"D","F"))))) | G12: =IF(E12="","",IF(E12>85.5,"Excellent",IF(E12>=72.6,"Good",IF(E12>=52,"OK",IF(E12>=51.7,"Poor","Awful")))))
A13: 11 | B13: P11 | C13: Operations Staff | D13: Laptop (Chrome) | E13: ='SUS Score Calculation'!O14 | F13: =IF(E13="","",IF(E13>85.5,"A",IF(E13>=72.6,"B",IF(E13>=52,"C",IF(E13>=51.7,"D","F"))))) | G13: =IF(E13="","",IF(E13>85.5,"Excellent",IF(E13>=72.6,"Good",IF(E13>=52,"OK",IF(E13>=51.7,"Poor","Awful")))))
A14: 12 | B14: P12 | C14: Tenant Representative | D14: Smartphone (Chrome) | E14: ='SUS Score Calculation'!O15 | F14: =IF(E14="","",IF(E14>85.5,"A",IF(E14>=72.6,"B",IF(E14>=52,"C",IF(E14>=51.7,"D","F"))))) | G14: =IF(E14="","",IF(E14>85.5,"Excellent",IF(E14>=72.6,"Good",IF(E14>=52,"OK",IF(E14>=51.7,"Poor","Awful")))))
A15: MEAN SUS SCORE | E15: =AVERAGE(E3:E14) | F15: =IF(E15="","",IF(E15>85.5,"A",IF(E15>=72.6,"B",IF(E15>=52,"C",IF(E15>=51.7,"D","F"))))) | G15: =IF(E15="","",IF(E15>85.5,"Excellent",IF(E15>=72.6,"Good",IF(E15>=52,"OK",IF(E15>=51.7,"Poor","Awful")))))
A16: Reference lines: 72.5 = Good threshold | 85.5 = Excellent threshold

Sheet Offline Experience
A1: Offline Experience — Supplementary Data (Q8b, Q19, Q20 from Google Form)
A2: These questions are supplementary to the SUS — they do NOT affect the SUS score calculation.
A3: Q8b — Offline Tasks Attempted (tick = attempted) | Google Form: Section 6 of 9
A4: # | B4: ID | C4: Role | D4: Browsed dashboard offline (All) | E4: Submitted request offline (Tenant) | F4: Completed task offline (Operations) | G4: Reviewed request offline (Management) | H4: Offline re-login (All) | I4: Sync banner on reconnect (All)
A5: 1 | B5: P1 | C5: IPDC Management Staff | D5: ✓ | G5: ✓ | H5: ✓ | I5: ✓
A6: 2 | B6: P2 | C6: Tenant Representative | E6: ✓
A7: 3 | B7: P3 | C7: IPDC Management Staff | F7: ✓
A8: 4 | B8: P4 | C8: Operations Staff | E8: ✓
A9: 5 | B9: P5 | C9: IPDC Management Staff | I9: ✓
A10: 6 | B10: P6 | C10: Operations Staff | F10: ✓
A11: 7 | B11: P7 | C11: Operations Staff | D11: ✓ | F11: ✓ | G11: ✓ | H11: ✓ | I11: ✓
A12: 8 | B12: P8 | C12: Operations Staff | F12: ✓ | G12: ✓
A13: 9 | B13: P9 | C13: Tenant Representative | D13: ✓ | E13: ✓ | F13: ✓ | G13: ✓ | H13: ✓ | I13: ✓
A14: 10 | B14: P10 | C14: Operations Staff | E14: ✓
A15: 11 | B15: P11 | C15: Operations Staff | F15: ✓
A16: 12 | B16: P12 | C16: Tenant Representative | D16: ✓ | E16: ✓ | H16: ✓ | I16: ✓
A17: Enter ✓ if the participant attempted the task, or leave blank if not attempted.
A19: Q19 — Offline Confidence Score | Q20 — Online/Offline Clarity | Google Form: Section 8 of 9
A20: # | B20: ID | C20: Role | D20: Q19: Offline data confidence (1–5) 1=Not confident 5=Fully confident | E20: Q20: Online/offline clarity Yes always / Sometimes / No
A21: 1 | B21: P1 | C21: IPDC Management Staff | D21: 4 | E21: Yes, it was always clear
A22: 2 | B22: P2 | C22: Tenant Representative | D22: 4 | E22: Yes, it was always clear
A23: 3 | B23: P3 | C23: IPDC Management Staff | D23: 5 | E23: Yes, it was always clear
A24: 4 | B24: P4 | C24: Operations Staff | D24: 4 | E24: Yes, it was always clear
A25: 5 | B25: P5 | C25: IPDC Management Staff | D25: 4 | E25: Yes, it was always clear
A26: 6 | B26: P6 | C26: Operations Staff | D26: 4 | E26: Yes, it was always clear
A27: 7 | B27: P7 | C27: Operations Staff | D27: 5 | E27: Yes, it was always clear
A28: 8 | B28: P8 | C28: Operations Staff | D28: 4 | E28: Yes, it was always clear
A29: 9 | B29: P9 | C29: Tenant Representative | D29: 4 | E29: Yes, it was always clear
A30: 10 | B30: P10 | C30: Operations Staff | D30: 4 | E30: Sometimes clear, sometimes not
A31: 11 | B31: P11 | C31: Operations Staff | D31: 4 | E31: Yes, it was always clear
A32: 12 | B32: P12 | C32: Tenant Representative | D32: 4 | E32: Yes, it was always clear
A33: MEAN (Q19) | D33: =IFERROR(AVERAGEIF(D21:D32,"<>"),"")
